{"cameraMode":{"drawMode":0,"name":"Shaded","section":"Shading Mode"},"sceneLighting":true,"audioPlay":false,"sceneViewState":{"showFog":true,"showMaterialUpdate":false,"showSkybox":true,"showFlares":true,"showImageEffects":true,"showParticleSystems":true},"in2DMode":false,"pivot":{"x":0.0,"y":-1.9800000190734864,"z":353.79998779296877},"rotation":{"x":-0.6418359279632568,"y":-0.0034507547970861198,"z":0.0028882832266390325,"w":-0.7668288350105286},"size":27.36215591430664,"orthographic":true}